{
    "root_group": {
        "name": "",
        "path": "",
        "id": "d41d8cd98f00b204e9800998ecf8427e",
        "groups": {
            "product_detail": {
                "name": "product_detail",
                "path": "::product_detail",
                "id": "71e617a1c6133d55ae8b0e8d986f6e38",
                "groups": {},
                "checks": {
                        "catalog read returns 200": {
                            "id": "ed5e5dba816f5c74351d4319902234c5",
                            "passes": 8747,
                            "fails": 0,
                            "name": "catalog read returns 200",
                            "path": "::product_detail::catalog read returns 200"
                        }
                    }
            },
            "home_catalog": {
                "id": "3b0722ea5d1bf04480e86489e251e4be",
                "groups": {},
                "checks": {
                        "catalog read returns 200": {
                            "passes": 61836,
                            "fails": 0,
                            "name": "catalog read returns 200",
                            "path": "::home_catalog::catalog read returns 200",
                            "id": "9d1c53b71c283c5d4e0e793d8500fdb5"
                        }
                    },
                "name": "home_catalog",
                "path": "::home_catalog"
            }
        },
        "checks": {}
    },
    "metrics": {
        "http_req_duration{expected_response:true}": {
            "p(90)": 85.19216,
            "p(95)": 91.28601999999998,
            "avg": 29.93530582718215,
            "min": 0,
            "med": 4.7842,
            "max": 716.2591
        },
        "iteration_duration": {
            "avg": 1065.0069588780261,
            "min": 1006.5695,
            "med": 1080.0345,
            "max": 1733.4571,
            "p(90)": 1093.3643399999999,
            "p(95)": 1100.79251
        },
        "checks": {
            "passes": 70583,
            "fails": 0,
            "value": 1
        },
        "http_req_connecting": {
            "max": 8.5217,
            "p(90)": 0,
            "p(95)": 0,
            "avg": 0.010038163580465559,
            "min": 0,
            "med": 0
        },
        "vus_max": {
            "value": 120,
            "min": 120,
            "max": 120
        },
        "http_req_blocked": {
            "min": 0,
            "med": 0,
            "max": 16.1107,
            "p(90)": 0,
            "p(95)": 0,
            "avg": 0.02196633750336484
        },
        "vus": {
            "value": 6,
            "min": 6,
            "max": 101
        },
        "http_req_tls_handshaking": {
            "min": 0,
            "med": 0,
            "max": 0,
            "p(90)": 0,
            "p(95)": 0,
            "avg": 0
        },
        "http_req_sending": {
            "avg": 0.004311746454528715,
            "min": 0,
            "med": 0,
            "max": 13.0382,
            "p(90)": 0,
            "p(95)": 0
        },
        "catalog_read_errors": {
            "passes": 0,
            "fails": 70583,
            "thresholds": {
                "rate<0.01": false
            },
            "value": 0
        },
        "http_req_duration": {
            "max": 716.2591,
            "p(90)": 85.19216,
            "p(95)": 91.28601999999998,
            "avg": 29.93530582718215,
            "min": 0,
            "med": 4.7842,
            "thresholds": {
                "p(95)<1000": false
            }
        },
        "catalog_read_requests": {
            "rate": 195.48067869143523,
            "count": 70583
        },
        "iterations": {
            "count": 29359,
            "rate": 81.31019148664477
        },
        "http_reqs": {
            "count": 70583,
            "rate": 195.48067869143523
        },
        "group_duration": {
            "med": 79.6564,
            "max": 717.2589,
            "p(90)": 92.96346000000001,
            "p(95)": 100.33703999999999,
            "avg": 64.63209720017716,
            "min": 6.1575
        },
        "data_sent": {
            "count": 6776575,
            "rate": 18767.82624999522
        },
        "http_req_failed": {
            "passes": 0,
            "fails": 70583,
            "thresholds": {
                "rate<0.01": false
            },
            "value": 0
        },
        "http_req_waiting": {
            "max": 715.7539,
            "p(90)": 84.9856,
            "p(95)": 91.05404,
            "avg": 29.719021247325674,
            "min": 0,
            "med": 4.5678
        },
        "http_req_receiving": {
            "min": 0,
            "med": 0,
            "max": 17.6354,
            "p(90)": 0.5322,
            "p(95)": 0.5723,
            "avg": 0.21197283340180967
        },
        "data_received": {
            "count": 535258565,
            "rate": 1482406.6356148606
        }
    }
}